{
    "step_count": 24,
    "peak_indices": [
        9,
        23,
        36,
        49,
        63,
        77,
        89,
        102,
        115,
        128,
        142,
        155,
        169,
        183,
        196,
        209,
        223,
        237,
        253,
        268,
        287,
        297,
        303,
        306
    ],
    "distances": [
        0.19496684810519715,
        0.18358182462749797,
        0.1699262017737081,
        0.19441189381183369,
        0.2315519093935857,
        0.30706071508393934,
        0.3877274692730407,
        0.4541773370005831,
        0.4915593506556085,
        0.5034984802417458,
        0.4985929965798877,
        0.4763329033317033,
        0.4265913104682879,
        0.3158837983071232,
        0.2697411208256517,
        0.2696474045245859,
        0.3378594164316686,
        0.45988366333286396,
        0.6036527287313251,
        0.7091413384601114,
        0.7760502092470414,
        0.8194519535028943,
        0.8246777597072615,
        0.8267809566795614,
        0.816560152449825,
        0.7648683048559252,
        0.6694921016601476,
        0.5448177066109566,
        0.37482516143514133,
        0.19498926197994132,
        0.1415624762136188,
        0.24282180211370438,
        0.36135649502298717,
        0.4518000121753926,
        0.5193285143848223,
        0.5579842618503056,
        0.5677589962020697,
        0.5540941466943787,
        0.3870918211428661,
        0.3020170581974742,
        0.279238500661628,
        0.3058517157706918,
        0.3619973262452705,
        0.4099391137741127,
        0.500908817699457,
        0.5938032858490716,
        0.6657643892923766,
        0.735251764876446,
        0.7810577894211048,
        0.7962515509550309,
        0.7858928423553574,
        0.7365940800071273,
        0.6637634564800623,
        0.5486737234923087,
        0.4140706870056231,
        0.26352696151801563,
        0.13501415758076885,
        0.11285991579687622,
        0.22668202901498652,
        0.34162090919085963,
        0.4399075924334193,
        0.5120532761239116,
        0.5494391362391344,
        0.5710898069270918,
        0.5568279588738573,
        0.5255584621048259,
        0.47372450333312555,
        0.41303339324473265,
        0.39459860577131595,
        0.41733287022904003,
        0.5192896102383086,
        0.6226601586948165,
        0.7324576812601918,
        0.7985771812963603,
        0.8462047221181327,
        0.8451713518412581,
        0.8527532218316805,
        0.8573652160443167,
        0.7891651644434188,
        0.6947145583999927,
        0.5572607130885183,
        0.3978907552308416,
        0.23744183339007374,
        0.22120954138861051,
        0.2894596383625632,
        0.385007791645192,
        0.47841460447982137,
        0.5476594994023264,
        0.5911501939747555,
        0.6166196749874088,
        0.6079482800704339,
        0.5657152600524646,
        0.4885863551000077,
        0.4019758021390657,
        0.3249938246238627,
        0.3004173575842566,
        0.3797168783462367,
        0.4982391857292815,
        0.6164832897452831,
        0.7197157528240934,
        0.7997688684969492,
        0.8313704399253131,
        0.8353129182609734,
        0.8193632760686259,
        0.7593542722819201,
        0.6482437326138617,
        0.5103061020523606,
        0.3796893088643148,
        0.2421203006693149,
        0.17642531320315638,
        0.22736350568525757,
        0.30759502888145146,
        0.3985167850951472,
        0.4446757182844261,
        0.48311727803399157,
        0.4994732664444459,
        0.49299662526034677,
        0.40685714828782993,
        0.34817454389868585,
        0.2921627551550814,
        0.2553347622998423,
        0.2800983771528554,
        0.33001292997078446,
        0.40391408771143955,
        0.46818299772013394,
        0.5410119037090503,
        0.5823452182254377,
        0.6146749460366349,
        0.6410971786860363,
        0.6402655813570279,
        0.5987728754604703,
        0.5339106657250001,
        0.43095868578483126,
        0.3001631830067164,
        0.1879595810382789,
        0.12479502452981256,
        0.17753763901284192,
        0.26460653531770595,
        0.3520318153879874,
        0.41569797263718405,
        0.4542731409676517,
        0.4753867654343273,
        0.47884219674920064,
        0.46652275358098677,
        0.42534741800810694,
        0.373899190400382,
        0.3201497862503355,
        0.27365360222182117,
        0.2769267216736134,
        0.3378381806647778,
        0.4090611257879423,
        0.49376964185511185,
        0.5771387923272259,
        0.6255596750006056,
        0.6491412051993444,
        0.6614449489982585,
        0.6575431122619715,
        0.6243029305992924,
        0.5671183589106898,
        0.4805372984646695,
        0.3601334038047275,
        0.21917966506432904,
        0.13041997802179728,
        0.14406859366097885,
        0.22226218087895977,
        0.3044068035931875,
        0.3621929537738542,
        0.40214578811406076,
        0.4252511989445603,
        0.43584320845716645,
        0.42377793934590613,
        0.38923895841632355,
        0.3378439266981709,
        0.2850387314865081,
        0.26975210427357554,
        0.2918770162625214,
        0.3412558669855649,
        0.40282074816182867,
        0.47140406282531494,
        0.5390916014709772,
        0.5912410734268627,
        0.6282839997462062,
        0.6498000615758561,
        0.657037294030282,
        0.6492881884723446,
        0.5864784617089092,
        0.48355974986349554,
        0.3429678782375139,
        0.21450917122017624,
        0.10490935584014678,
        0.1341346541656945,
        0.2079587368204659,
        0.2752499659195969,
        0.33087522569144223,
        0.3689726920871051,
        0.3864063546559669,
        0.3864773925831014,
        0.3703267274555078,
        0.33833255714181054,
        0.2946745745945924,
        0.2681346098864697,
        0.25306181356683605,
        0.2725062570982611,
        0.3071204193242068,
        0.3490268496151967,
        0.40010092366070477,
        0.4694450329706949,
        0.5027829048875662,
        0.5348855489841193,
        0.5486483988250787,
        0.5431646576056203,
        0.5281148519407836,
        0.4659049947212288,
        0.37969001713727707,
        0.2695106759047488,
        0.17789068375812275,
        0.10020737140768521,
        0.1280193722110989,
        0.18497986984066161,
        0.24570868732265724,
        0.2962402045272792,
        0.32958136428839235,
        0.3466901271675728,
        0.35222359497333083,
        0.35010290796259064,
        0.3303299228838997,
        0.2992811284065984,
        0.263751427519254,
        0.2492089557051887,
        0.2660703826829691,
        0.2816796546310107,
        0.32191558713756346,
        0.38052633715776546,
        0.44784055670621764,
        0.4912807874819735,
        0.5380810028581675,
        0.5786479410560007,
        0.5991545722071033,
        0.5989403216945368,
        0.5896732947322287,
        0.546174086453101,
        0.4543472603619923,
        0.3464367352942368,
        0.2554987860402032,
        0.1788644812623185,
        0.15151423806231992,
        0.192161038565403,
        0.2526837663556289,
        0.31163194507584047,
        0.3663741683639734,
        0.41403423827291463,
        0.44634067519272835,
        0.46511001780320443,
        0.46788585721922377,
        0.4506009377502943,
        0.41413955483874104,
        0.3675498153616007,
        0.31503835963346755,
        0.27009612779148223,
        0.2918581478976385,
        0.3542605765250515,
        0.4625851638246919,
        0.5632341877163688,
        0.682103550191984,
        0.7726385551601,
        0.8468645383272994,
        0.8860800403198044,
        0.9233490005806276,
        0.9376038462662386,
        0.9353594765465415,
