{
    "step_count": 20,
    "peak_indices": [
        3,
        6,
        10,
        13,
        16,
        25,
        29,
        31,
        36,
        41,
        50,
        54,
        64,
        70,
        78,
        84,
        92,
        96,
        100,
        105
    ],
    "distances": [
        0.4374138942110735,
        0.26703079684537295,
        0.3108841769666642,
        0.3397898646782511,
        0.3371600717696685,
        0.28058798609175134,
        0.32830239638178366,
        0.25827059123266594,
        0.2448453660030453,
        0.2507824982746431,
        0.2719455337394369,
        0.23525908780671367,
        0.28275323702727445,
        0.31634356872574876,
        0.2889780228984746,
        0.2824238224793258,
        0.31064149540572245,
        0.29654868661630157,
        0.24051288145810948,
        0.2026830165401842,
        0.15454966464757178,
        0.16761232366742226,
        0.18013680613917968,
        0.2109370783152529,
        0.20864084932528495,
        0.21671674075222533,
        0.1831103016521058,
        0.19149721108661408,
        0.17015852439325835,
        0.19763059866509977,
        0.1812317966237579,
        0.19742385783881042,
        0.16002915680697602,
        0.20642763767780054,
        0.20274254811532497,
        0.22588926548412158,
        0.25603532123264966,
        0.25341024788260946,
        0.211296339112548,
        0.23348636347865093,
        0.2623254702151195,
        0.26708147797240395,
        0.23536459708336763,
        0.2148769069368979,
        0.20769310101442215,
        0.19676906270832456,
        0.1525106197041287,
        0.15210136344466707,
        0.17558265567611808,
        0.18537394091936898,
        0.19848197013107205,
        0.1904240501625604,
        0.1608576224987429,
        0.16941567265536428,
        0.21698664642153903,
        0.21574409175730141,
        0.20469197215309964,
        0.18854807372229043,
        0.11819975214984978,
        0.08232207291316501,
        0.1325857052907845,
        0.16611529786605014,
        0.16768816882127535,
        0.21461182692507544,
        0.2525224373909216,
        0.21513408738028678,
        0.1691275118881118,
        0.16835842150225253,
        0.18652713163078272,
        0.207424233014989,
        0.23045113272535284,
        0.20843032937534986,
        0.1602099651792836,
        0.14203298217396354,
        0.15929094724548373,
        0.18483259546150468,
        0.1985779129999817,
        0.23140720570756113,
        0.255739632371238,
        0.2110714930284359,
        0.15961842764036188,
        0.14593168223326886,
        0.14889135913042534,
        0.14318920326848122,
        0.1844330450359491,
        0.1326281908922834,
        0.09246093469408151,
        0.13955093755583822,
        0.17483619705144215,
        0.18098154015735482,
        0.1839632459644341,
        0.21857270404497345,
        0.26649561510391256,
        0.21939521053898983,
        0.2166288743105692,
        0.2628089133495171,
        0.3231849142853325,
        0.30258077475884115,
        0.29113670096170885,
        0.27667931606895574,
        0.3584621215196477,
        0.27723516783001817,
        0.2626148604020325,
        0.28494935923348735,
        0.32837376132551493,
        0.4161017542104042,
        0.3986782697003996,
        0.38140669101300373,
        0.3643086239873118,
        0.34740968814560075,
        0.33074040827690526,
        0.31433732241141804,
        0.2982443548472308
    ],
    "animation_path": "C:\\Users\\oscar\\OneDrive\\Escritorio\\Univ\\Code\\hackathons\\UdemHacks\\out\\animations\\input_video_animation.mp4"
}