{
    "step_count": 11,
    "peak_indices": [
        26,
        39,
        55,
        69,
        82,
        97,
        109,
        125,
        136,
        152,
        164
    ],
    "distances": [
        0.6837726918458894,
        0.641156704425045,
        0.6194649707050056,
        0.6097732425572714,
        0.6090543487360524,
        0.588109434342462,
        0.5857815605127519,
        0.5924918900901481,
        0.5955851156795866,
        0.5882292539669212,
        0.5679211993446229,
        0.5543110923008071,
        0.5389780434338859,
        0.5301936290291265,
        0.4815574624686919,
        0.44853378014834966,
        0.39374899815830217,
        0.3674778838683171,
        0.38022995759321515,
        0.42352615901991203,
        0.4743030591318118,
        0.520882881748963,
        0.5588663042731616,
        0.5760061922073882,
        0.620511156091091,
        0.6598799968168582,
        0.7033993854982832,
        0.6999272320072378,
        0.6814465943973633,
        0.5506151165900112,
        0.4491351120114984,
        0.3428299146029829,
        0.3192322576246992,
        0.4018249595918606,
        0.597266969571581,
        0.7857797685326721,
        1.0531739328440537,
        1.2787357217276216,
        1.4414183901915987,
        1.4893623281931379,
        1.4708612506504812,
        1.3578568037696577,
        1.1493381422250617,
        0.9723485656037023,
        0.8294131039608792,
        0.75728137668613,
        0.7016561622786854,
        0.7596909480573046,
        0.8373546053128738,
        0.9303999345127949,
        1.04159691364012,
        1.1777988128774501,
        1.3657384079135104,
        1.5175187358551132,
        1.645117023363498,
        1.7019481559698741,
        1.6626577506963396,
        1.5338632455755612,
        1.3640519953520964,
        1.123196938391313,
        0.8680050309747842,
        0.6261111796084003,
        0.4205438228569323,
        0.3200533188447523,
        0.3679898201197465,
        0.45771634037449016,
        0.5814273144077277,
        0.6824814893288895,
        0.7352785951650703,
        0.7620739731147784,
        0.7533598276433672,
        0.7077741339172847,
        0.6573781022346309,
        0.6101758235038512,
        0.5917208788301193,
        0.6747860420548859,
        0.8856114537554836,
        1.1185603510628406,
        1.3757125292785921,
        1.5600674234095506,
        1.7333033213391131,
        1.8657002165176675,
        1.9251086040606018,
        1.8678021953811317,
        1.755550967952067,
        1.621089024161788,
        1.344941722627392,
        1.0184445500188515,
        0.7230160079985162,
        0.4546594994400526,
        0.1704008850420143,
        0.15159056479687072,
        0.26648161308660306,
        0.3755244156933401,
        0.4566493034145542,
        0.5134660690922677,
        0.5457600243968097,
        0.5478460803352609,
        0.5380438648578446,
        0.5110694496218107,
        0.47502107694648305,
        0.4760118689495525,
        0.5856725890062695,
        0.7278042661909846,
        0.9109713885963747,
        1.1249049821500474,
        1.2577561115751366,
        1.3032345316694365,
        1.308092513520811,
        1.3256331002061583,
        1.2991971772418915,
        1.196931791451302,
        1.0036628125106422,
        0.8026322166601383,
        0.6105561631800516,
        0.4160502583182981,
        0.2469938281615992,
        0.15343333283894486,
        0.11351890107530123,
        0.12620055538009115,
        0.19968587369821575,
        0.27083087322486643,
        0.32365525058687306,
        0.3711166824340375,
        0.3981973815065011,
        0.4018684538267982,
        0.3903012666017355,
        0.3536129472136556,
        0.29778556092879443,
        0.25115799724131627,
        0.3163405516951984,
        0.44006424048622494,
        0.5934452574156271,
        0.7480176156815602,
        0.8692874480034588,
        0.9169812354570764,
        0.9374842635832136,
        0.9223006868934535,
        0.8645490532252245,
        0.802607103399506,
        0.709820104097431,
        0.5879279536669669,
        0.4571128805756252,
        0.3340246921827868,
        0.169990050426635,
        0.038790537514708,
        0.07573951129158069,
        0.16379482551956387,
        0.2410504578729875,
        0.2716019556336323,
        0.28835963401583187,
        0.3024564807401918,
        0.30763350908930326,
        0.3065077779787678,
        0.27597397253562445,
        0.22434461316878976,
        0.1922711452205692,
        0.24925808004128058,
        0.3699513119005515,
        0.4607842935025473,
        0.5502996813471274,
        0.6265462117562265,
        0.6734517002803996,
        0.716013821489839,
        0.7642605105723755,
        0.7575539054156291,
        0.7267937971139143,
        0.6636759289456551,
        0.574073491404227
    ],
    "filtered_json_path": "C:\\Users\\oscar\\OneDrive\\Escritorio\\Univ\\Code\\hackathons\\UdemHacks\\out\\json\\thomasRunning1_filtered.json"
}