{
    "step_count": 17,
    "peak_indices": [
        3,
        9,
        19,
        32,
        44,
        57,
        69,
        80,
        93,
        105,
        117,
        129,
        141,
        151,
        154,
        166,
        177
    ],
    "distances": [
        0.6062727257883002,
        0.6324852060879529,
        0.63891018378206,
        0.6568997131118386,
        0.6430783363437111,
        0.6696965921844427,
        0.7232203749372823,
        0.7446738107837908,
        0.7582737739368184,
        0.791042051258273,
        0.7502847563335824,
        0.6384770745002577,
        0.5759411018664783,
        0.5170184605789105,
        0.5019710325256868,
        0.5589929245887881,
        0.6494647209998672,
        0.7209868547313253,
        0.7485998532705631,
        0.7537991966211595,
        0.7202753458367771,
        0.6813873452539486,
        0.6567878074645278,
        0.6821764660818999,
        0.7159142242178925,
        0.8347942973515561,
        0.9613891338383168,
        1.0931660060292856,
        1.2255024679373927,
        1.3641943542910162,
        1.4071284164223155,
        1.4194352158130288,
        1.422860625332954,
        1.360998373513093,
        1.2208082863204188,
        1.0346533762567536,
        0.8196860098886928,
        0.532086435095331,
        0.31358930654812395,
        0.32951930727117024,
        0.4388912503428456,
        0.5587024688844195,
        0.6511675433119086,
        0.712627880293427,
        0.729492855779985,
        0.7162079688451842,
        0.6777883478704024,
        0.6181209125651621,
        0.6168892805083444,
        0.6607013684161425,
        0.7417343542817548,
        0.8835584465258952,
        1.080622023237634,
        1.2791322098884894,
        1.5337894323427812,
        1.7694636829768757,
        1.920094031315623,
        1.932894624026866,
        1.8163178351930005,
        1.5352318027265384,
        1.2503864815816144,
        0.8834082080238951,
        0.5454097726556064,
        0.28619384403127446,
        0.2656836998739626,
        0.3707131897192196,
        0.47765900638468173,
        0.5525942009383801,
        0.5884616246502655,
        0.5950804138029068,
        0.5821225664731783,
        0.5710205283027879,
        0.6031884058500694,
        0.732770169490261,
        0.8784782508267682,
        1.0312015847402531,
        1.1717033551804674,
        1.274693312332169,
        1.3464510049273672,
        1.4490921407457644,
        1.5103420597019326,
        1.4399692808195628,
        1.298174093796991,
        1.1069540645439042,
        0.8977438781704853,
        0.6253850635559439,
        0.4317528459220762,
        0.29804452017723704,
        0.25174035796682037,
        0.2903486883895619,
        0.3655136952764527,
        0.4215248478369308,
        0.4585558707733136,
        0.47813110579481477,
        0.4760395054216899,
        0.45934808589638115,
        0.4643268237141442,
        0.5091667094754702,
        0.588690779829756,
        0.7178343742701538,
        0.8516880599295191,
        0.993913810751894,
        1.1037486715453315,
        1.214871189257634,
        1.27900516780736,
        1.2963141042300164,
        1.223985554761378,
        1.0839905523102367,
        0.9202686507942662,
        0.7478901067413856,
        0.4920960298800759,
        0.27818485912925184,
        0.1497265682137062,
        0.1873531685257525,
        0.31351275471950707,
        0.3960966494812864,
        0.4463744946278032,
        0.46994231935813024,
        0.46184476878182584,
        0.4074847040188422,
        0.393000791571607,
        0.4477691938998438,
        0.5968307296358704,
        0.7259483275599762,
        0.8273392205068784,
        0.9042888521044163,
        0.9665968641219157,
        1.0192600831712515,
        1.1324804761543281,
        1.183307564680087,
        1.1772417406985218,
        1.1401632916822717,
        1.015317576043199,
        0.844917191670185,
        0.6504600408153524,
        0.4160788652934737,
        0.23257635558056494,
        0.11561252213233836,
        0.1998168011671777,
        0.3093293157635242,
        0.35686860317276076,
        0.4080108027083166,
        0.40728451461708487,
        0.3890714543107541,
        0.35864144876577525,
        0.3625047759858303,
        0.43402646031987885,
        0.5961580361583565,
        0.7672036005286824,
        0.8457947438376725,
        0.8823731673275551,
        0.9194639186869882,
        0.9090741230271121,
        0.9043353388740213,
        0.9190283890627916,
        0.8822196793487153,
        0.7807917930269579,
        0.6656697932190799,
        0.49974369982924116,
        0.3186067441889276,
        0.2023193752935449,
        0.131889857783136,
        0.131265286960767,
        0.19089525286584938,
        0.2410301208017374,
        0.29538230879053556,
        0.3135661957947079,
        0.29695435431928646,
        0.27951407163132036,
        0.2894949002067171,
        0.35379070575619664,
        0.4286763364942496,
        0.5124168784514795,
        0.6159510106227616,
        0.6578003116813727,
        0.6815190393806039,
        0.7249997577218777,
        0.7306669663882028,
        0.7116599333870995,
        0.6810126770404181,
        0.6765070951818682,
        0.6428935214267842,
        0.5752805116089731,
        0.4963854977694844,
        0.3898322490805166,
        0.2820943446403711,
        0.19356042880841567,
        0.1358039844495662,
        0.09730503553238093,
        0.11541216518984232,
        0.13661410836028423,
        0.15865640517122415,
        0.1789207641649905
    ],
    "animation_path": "C:\\Users\\oscar\\OneDrive\\Escritorio\\Univ\\Code\\hackathons\\UdemHacks\\out\\animations\\thomasRunning2_animation.mp4"
}