{
    "step_count": 32,
    "peak_indices": [
        11,
        24,
        35,
        51,
        59,
        62,
        69,
        83,
        106,
        129,
        143,
        190,
        198,
        211,
        220,
        234,
        244,
        256,
        266,
        295,
        297,
        305,
        317,
        356,
        373,
        397,
        409,
        419,
        434,
        445,
        537,
        544
    ],
    "distances": [
        1.3473260004941687,
        0.851916935941585,
        0.7299624442262858,
        0.7164760191739712,
        0.6634986387997567,
        0.44118337983256,
        0.3630444896877495,
        0.24851029670380825,
        0.33321124864260354,
        0.5795989921163937,
        0.749937181334772,
        0.7913255547702602,
        0.7411536224587708,
        0.6516926344661441,
        0.5768426977874466,
        0.5452980356882386,
        0.5129324522678328,
        0.4759587939581016,
        0.512846577068062,
        0.5980341322872407,
        0.6537979199847374,
        0.7738628289549879,
        0.8631375875630091,
        0.890422200765292,
        0.9125336519841378,
        0.8843053696686206,
        0.8483679421779858,
        0.8077385797728798,
        0.8166929330010794,
        0.8133905972423262,
        0.9396330153064546,
        1.108043208246484,
        1.305530871651641,
        1.5113398976470946,
        1.6669348709776663,
        1.709816833719587,
        1.6965620409936757,
        1.595925358562731,
        1.4067224594561512,
        1.1327533968173003,
        0.7970343657678587,
        0.48643224835376137,
        0.14901091298661792,
        0.2463863670770777,
        0.4194285626525091,
        0.7817625726876436,
        1.1601413331876473,
        1.5428045559675974,
        2.5102090970955913,
        3.2505791280779457,
        3.933050259331803,
        4.451502751947613,
        3.932894260006808,
        3.6554896828630166,
        3.417201583907375,
        3.207170335612261,
        3.106657214998322,
        3.0330422210130132,
        3.100542537825449,
        3.1931222799736987,
        3.054719131874603,
        3.3544807182511684,
        3.6114225993054463,
        3.280657244070934,
        3.1644648701015274,
        3.1199737406160737,
        2.6799175732135594,
        2.304784343553756,
        2.444325210489963,
        2.463059675808755,
        2.232193526604404,
        2.0013752814931527,
        1.667690805950136,
        1.1576404011726054,
        0.5418812975388473,
        0.2330832362082714,
        0.2629956101354301,
        0.31001632876495805,
        0.38469734492951335,
        0.5318825654079661,
        0.6619684096343109,
        0.7513408848423292,
        0.845991864749015,
        0.8716872835522389,
        0.7726179238842711,
        0.6268201068842262,
        0.479753970244668,
        0.31500647388412367,
        0.18683353872316433,
        0.13569823942754064,
        0.12785447571762626,
        0.14841570933628823,
        0.17695834827137627,
        0.20001333593551252,
        0.21923569762677106,
        0.22967747031539487,
        0.22795252861669718,
        0.22477267995372935,
        0.24532387383342782,
        0.30501880238560924,
        0.4245149614175952,
        0.5265264135778615,
        0.6545058374077996,
        0.7805330811220557,
        0.8606732776360684,
        0.8844890325252661,
        0.9069361854216769,
        0.8474433087731212,
        0.7466815591692832,
        0.638399763017502,
        0.522890680094551,
        0.3793710875994918,
        0.2540689935704962,
        0.174053652815484,
        0.12444370030495065,
        0.11499569329282736,
        0.14354840092849894,
        0.1734741431787495,
        0.19720156209612136,
        0.21501817802718287,
        0.21939168075497456,
        0.21603392279958644,
        0.21769469161383753,
        0.236030601373101,
        0.31247523084790824,
        0.43311544676368363,
        0.5245705836462888,
        0.6356233726359558,
        0.7247459750021372,
        0.7670271016160516,
        0.7422124238747797,
        0.7237518786126838,
        0.6799207667228067,
        0.5948199658605983,
        0.5049432073927302,
        0.41016570879144276,
        0.32761799792351437,
        0.26058718207532355,
        0.24548519141842645,
        0.2953200449275207,
        0.37914483208165806,
        0.40300018168808754,
        0.4135267509135192,
        0.4262708569008988,
        0.3863028908717794,
        0.3217404144948638,
        0.31759100983914973,
        0.31344164534468427,
        0.30929232262783785,
        0.30514304339288173,
        0.30099380943804394,
        0.29684462266207323,
        0.29269548507136167,
        0.2885463987876794,
        0.2843973660565884,
        0.28024838925660145,
        0.27609947090916687,
        0.27195061368956686,
        0.26780182043882744,
        0.2636530941767528,
        0.2595044381162088,
        0.25535585567879704,
        0.25120735051208154,
        0.2470589265085494,
        0.24291058782651212,
        0.23876233891318435,
        0.2346141845302086,
        0.2304661297819336,
        0.22631818014679944,
        0.2221703415122349,
        0.2180226202135338,
        0.21387502307725034,
        0.20972755746973676,
        0.2055802313515503,
        0.20143305333857192,
        0.19728603277082432,
        0.1860720758072157,
        0.1748597153090448,
        0.16364927942008384,
        0.15244119274482107,
        0.14123601456502943,
        0.13003449676513246,
        0.11883767442064742,
        0.10764701272424086,
        0.09646465575119448,
        0.08529386990832673,
        0.07413988570721684,
        0.01804296663271926,
        0.04703181666493192,
        0.17122988224891397,
        0.2550578414914353,
        0.16214375299792513,
        0.20012526931137103,
        0.24796162358933171,
        0.5446262804501958,
        0.7765194223210081,
        1.0129097876386377,
        1.11308414756892,
        1.1293562788450675,
        0.8831207426277651,
        0.700929264581858,
        0.5946889739139689,
        0.5087542241607471,
        0.47771778404191506,
        0.4517928264934239,
        0.4735101685058832,
        0.5147146540087194,
        0.5640267756315092,
        0.6368100009051546,
        0.7184490509586122,
        0.7766966436354571,
        0.7876874352682752,
        0.7482135316179754,
        0.7127263328480778,
        0.6525298659686545,
        0.6595806329576789,
        0.8333678286594974,
        1.0305091354087443,
        1.1760381065098489,
        1.3648583822601088,
        1.503644899109781,
        1.4162429763996267,
        1.2548645333546034,
        1.080355386667759,
        0.8287449419376534,
        0.6260659737855346,
        0.5197355549230706,
        0.4962257410055907,
        0.48509952845063675,
        0.5429242443096164,
        0.672706806391828,
        0.8250051727949093,
        0.9321166983475777,
        1.0228161881434013,
        1.1025966399281057,
        1.0091755016092734,
        0.9059122638514865,
        0.8366864998141131,
        0.8138694536838904,
        0.7875625123440103,
        0.8623033841348247,
        0.9516697953199239,
        1.0267427656254902,
        1.082597143856336,
        1.1447083537732348,
        1.1306191625648547,
        1.0401434285797375,
        0.8832324594079222,
        0.7531560262348387,
        0.6576138301588298,
        0.6194897892413176,
        0.6741175684587064,
        0.8770812300841444,
        1.0447559744615929,
        1.2184294442659345,
        1.4172906721138392,
        1.5623424158570904,
        1.5416855907018068,
        1.4864903310804964,
        1.3670662726236487,
        1.130129643522918,
        0.8460608495646537,
        0.5863502792264715,
        0.40445679208601104,
        0.342703217521829,
        0.32014651431722,
        0.341604517812762,
